對於這次AI訪談的整體體驗，您會給幾分？（1-10分）,理由,訪談過程中是否遇到技術問題（如語音錯誤、上傳不暢、鏈接點不開等,若遇到技術問題，具體是什麼？,AI的語音辨識和回應速度如何？,AI會聽不清你說話嗎？,在聽清你回答的前提下，AI对您回答的理解程度？,AI的追问深度如何？,印象深刻的追问例子（若有）：,与AI对话的自然程度？,回答時是否有顧慮？,可以簡單說說為什麼嗎？,更喜歡哪種訪談形式？,为人類訪談打分,AI訪談的主要優勢？,AI訪談的主要劣勢？,您有任何給我們優化ai訪談的建議嗎？,您未來還會願意參與ai訪談嗎？,填答時間,填答秒數,IP紀錄,額滿結束註記,使用者紀錄,會員時間,Hash,會員編號,自訂ID,備註
9,整體上理解迅速，整合也很快,沒有問題,,一般，偶有问题,會，偶爾,很好，能抓住要点深入追问,有一定深度，追问合理,,比较自然，但知道是AI,很放鬆，無顧慮,因為知道不是真人,更喜歡人類訪談,9,整理迅速,有些事情無法理解,無,願意,9/3/2025 16:41,81,58.140.10.239,,,,c40174f7b04704b9bcabd45cb1cbf6f3,,,
5,有點卡，簡體字，AI口音很怪,有問題,斷了,一般，偶有问题,會，偶爾,很好，能抓住要点深入追问,有一定深度，追问合理,,比较自然，但知道是AI,很放鬆，無顧慮,沒有顧慮,更喜歡AI訪談,3,很輕鬆不緊張,有點生硬,口音可以提升一下,願意,9/3/2025 20:46,84,2401:e180:8992:785:ecb8:fca9:709d:17fb,,,,f5bb32ac03feb8737b5acb61cae16c22,,,
7,蠻方便的只是會覺得有點沒人性的感覺,有問題,卡當,一般，偶有问题,會，偶爾,很好，能抓住要点深入追问,很有深度，挖掘到新观点,,比较自然，但知道是AI,很放鬆，無顧慮,沒有社交壓力,更喜歡人類訪談,8,節省人力,可能挖掘不到研究者的核心,無,願意,9/5/2025 19:44,144,2400:2200:910:4c24:f921:839b:764f:31aa,,,,6ce6b6e90906898a2cf1f335ffa8e312,,,
,,,,,,,,,,,,,,,,,,,,,,,,,,,
,,,,,,,,,,,,,,,,,,,,,,,,,,,
,,,,,,,,,,,,,,,,,,,,,,,,,,,
,,,,,,,,,,,,,,,,,,,,,,,,,,,
,,,,,,,,,,,,,,,,,,,,,,,,,,,
,,,,,,,,,,,,,,,,,,,,,,,,,,',
,,,,,,,,,,,,,,,,,,,,,,,,,,',
,,,,,,,,,,,,,,,,,,,,,,,,,,',
,,,,,,,,,,,,,,,,,,,,,,,,,,',
